{
  "AWSTemplateFormatVersion": "2010-09-09",
  "Description": "The AWS CloudFormation template for this Serverless application",
  "Resources": {
    "ServerlessDeploymentBucket": {
      "Type": "AWS::S3::Bucket",
      "Properties": {
        "BucketEncryption": {
          "ServerSideEncryptionConfiguration": [
            {
              "ServerSideEncryptionByDefault": {
                "SSEAlgorithm": "AES256"
              }
            }
          ]
        }
      }
    },
    "ServerlessDeploymentBucketPolicy": {
      "Type": "AWS::S3::BucketPolicy",
      "Properties": {
        "Bucket": {
          "Ref": "ServerlessDeploymentBucket"
        },
        "PolicyDocument": {
          "Statement": [
            {
              "Action": "s3:*",
              "Effect": "Deny",
              "Principal": "*",
              "Resource": [
                {
                  "Fn::Join": [
                    "",
                    [
                      "arn:",
                      {
                        "Ref": "AWS::Partition"
                      },
                      ":s3:::",
                      {
                        "Ref": "ServerlessDeploymentBucket"
                      },
                      "/*"
                    ]
                  ]
                },
                {
                  "Fn::Join": [
                    "",
                    [
                      "arn:",
                      {
                        "Ref": "AWS::Partition"
                      },
                      ":s3:::",
                      {
                        "Ref": "ServerlessDeploymentBucket"
                      }
                    ]
                  ]
                }
              ],
              "Condition": {
                "Bool": {
                  "aws:SecureTransport": false
                }
              }
            }
          ]
        }
      }
    },
    "CreateLogGroup": {
      "Type": "AWS::Logs::LogGroup",
      "Properties": {
        "LogGroupName": "/aws/lambda/api-rest-dev-create"
      }
    },
    "ListLogGroup": {
      "Type": "AWS::Logs::LogGroup",
      "Properties": {
        "LogGroupName": "/aws/lambda/api-rest-dev-list"
      }
    },
    "GetLogGroup": {
      "Type": "AWS::Logs::LogGroup",
      "Properties": {
        "LogGroupName": "/aws/lambda/api-rest-dev-get"
      }
    },
    "UpdateLogGroup": {
      "Type": "AWS::Logs::LogGroup",
      "Properties": {
        "LogGroupName": "/aws/lambda/api-rest-dev-update"
      }
    },
    "DeleteLogGroup": {
      "Type": "AWS::Logs::LogGroup",
      "Properties": {
        "LogGroupName": "/aws/lambda/api-rest-dev-delete"
      }
    },
    "IamRoleLambdaExecution": {
      "Type": "AWS::IAM::Role",
      "Properties": {
        "AssumeRolePolicyDocument": {
          "Version": "2012-10-17",
          "Statement": [
            {
              "Effect": "Allow",
              "Principal": {
                "Service": [
                  "lambda.amazonaws.com"
                ]
              },
              "Action": [
                "sts:AssumeRole"
              ]
            }
          ]
        },
        "Policies": [
          {
            "PolicyName": {
              "Fn::Join": [
                "-",
                [
                  "api-rest",
                  "dev",
                  "lambda"
                ]
              ]
            },
            "PolicyDocument": {
              "Version": "2012-10-17",
              "Statement": [
                {
                  "Effect": "Allow",
                  "Action": [
                    "logs:CreateLogStream",
                    "logs:CreateLogGroup"
                  ],
                  "Resource": [
                    {
                      "Fn::Sub": "arn:${AWS::Partition}:logs:${AWS::Region}:${AWS::AccountId}:log-group:/aws/lambda/api-rest-dev*:*"
                    }
                  ]
                },
                {
                  "Effect": "Allow",
                  "Action": [
                    "logs:PutLogEvents"
                  ],
                  "Resource": [
                    {
                      "Fn::Sub": "arn:${AWS::Partition}:logs:${AWS::Region}:${AWS::AccountId}:log-group:/aws/lambda/api-rest-dev*:*:*"
                    }
                  ]
                },
                {
                  "Effect": "Allow",
                  "Action": [
                    "dynamodb:Query",
                    "dynamodb:Scan",
                    "dynamodb:GetItem",
                    "dynamodb:PutItem",
                    "dynamodb:UpdateItem",
                    "dynamodb:DeleteItem"
                  ],
                  "Resource": "arn:aws:dynamodb:us-east-1:*:table/api-rest-dev"
                }
              ]
            }
          }
        ],
        "Path": "/",
        "RoleName": {
          "Fn::Join": [
            "-",
            [
              "api-rest",
              "dev",
              {
                "Ref": "AWS::Region"
              },
              "lambdaRole"
            ]
          ]
        }
      }
    },
    "EnterpriseLogAccessIamRole": {
      "Type": "AWS::IAM::Role",
      "Properties": {
        "AssumeRolePolicyDocument": {
          "Version": "2012-10-17",
          "Statement": [
            {
              "Effect": "Allow",
              "Principal": {
                "AWS": "arn:aws:iam::802587217904:root"
              },
              "Action": "sts:AssumeRole",
              "Condition": {
                "StringEquals": {
                  "sts:ExternalId": "ServerlessEnterprise-4fe1a516-a105-4558-8434-ab7601f2796e"
                }
              }
            }
          ]
        },
        "Policies": [
          {
            "PolicyName": "LogFilterAccess",
            "PolicyDocument": {
              "Version": "2012-10-17",
              "Statement": [
                {
                  "Effect": "Allow",
                  "Action": [
                    "logs:FilterLogEvents"
                  ],
                  "Resource": [
                    {
                      "Fn::GetAtt": [
                        "CreateLogGroup",
                        "Arn"
                      ]
                    },
                    {
                      "Fn::GetAtt": [
                        "ListLogGroup",
                        "Arn"
                      ]
                    },
                    {
                      "Fn::GetAtt": [
                        "GetLogGroup",
                        "Arn"
                      ]
                    },
                    {
                      "Fn::GetAtt": [
                        "UpdateLogGroup",
                        "Arn"
                      ]
                    },
                    {
                      "Fn::GetAtt": [
                        "DeleteLogGroup",
                        "Arn"
                      ]
                    }
                  ]
                }
              ]
            }
          }
        ]
      }
    },
    "CreateLambdaFunction": {
      "Type": "AWS::Lambda::Function",
      "Properties": {
        "Code": {
          "S3Bucket": {
            "Ref": "ServerlessDeploymentBucket"
          },
          "S3Key": "serverless/api-rest/dev/1622818321743-2021-06-04T14:52:01.743Z/api-rest.zip"
        },
        "Handler": "s_create.handler",
        "Runtime": "python3.8",
        "FunctionName": "api-rest-dev-create",
        "MemorySize": 1024,
        "Timeout": 6,
        "Environment": {
          "Variables": {
            "DYNAMODB_TABLE": "api-rest-dev"
          }
        },
        "Role": {
          "Fn::GetAtt": [
            "IamRoleLambdaExecution",
            "Arn"
          ]
        }
      },
      "DependsOn": [
        "CreateLogGroup"
      ]
    },
    "ListLambdaFunction": {
      "Type": "AWS::Lambda::Function",
      "Properties": {
        "Code": {
          "S3Bucket": {
            "Ref": "ServerlessDeploymentBucket"
          },
          "S3Key": "serverless/api-rest/dev/1622818321743-2021-06-04T14:52:01.743Z/api-rest.zip"
        },
        "Handler": "s_list.handler",
        "Runtime": "python3.8",
        "FunctionName": "api-rest-dev-list",
        "MemorySize": 1024,
        "Timeout": 6,
        "Environment": {
          "Variables": {
            "DYNAMODB_TABLE": "api-rest-dev"
          }
        },
        "Role": {
          "Fn::GetAtt": [
            "IamRoleLambdaExecution",
            "Arn"
          ]
        }
      },
      "DependsOn": [
        "ListLogGroup"
      ]
    },
    "GetLambdaFunction": {
      "Type": "AWS::Lambda::Function",
      "Properties": {
        "Code": {
          "S3Bucket": {
            "Ref": "ServerlessDeploymentBucket"
          },
          "S3Key": "serverless/api-rest/dev/1622818321743-2021-06-04T14:52:01.743Z/api-rest.zip"
        },
        "Handler": "s_get.handler",
        "Runtime": "python3.8",
        "FunctionName": "api-rest-dev-get",
        "MemorySize": 1024,
        "Timeout": 6,
        "Environment": {
          "Variables": {
            "DYNAMODB_TABLE": "api-rest-dev"
          }
        },
        "Role": {
          "Fn::GetAtt": [
            "IamRoleLambdaExecution",
            "Arn"
          ]
        }
      },
      "DependsOn": [
        "GetLogGroup"
      ]
    },
    "UpdateLambdaFunction": {
      "Type": "AWS::Lambda::Function",
      "Properties": {
        "Code": {
          "S3Bucket": {
            "Ref": "ServerlessDeploymentBucket"
          },
          "S3Key": "serverless/api-rest/dev/1622818321743-2021-06-04T14:52:01.743Z/api-rest.zip"
        },
        "Handler": "s_update.handler",
        "Runtime": "python3.8",
        "FunctionName": "api-rest-dev-update",
        "MemorySize": 1024,
        "Timeout": 6,
        "Environment": {
          "Variables": {
            "DYNAMODB_TABLE": "api-rest-dev"
          }
        },
        "Role": {
          "Fn::GetAtt": [
            "IamRoleLambdaExecution",
            "Arn"
          ]
        }
      },
      "DependsOn": [
        "UpdateLogGroup"
      ]
    },
    "DeleteLambdaFunction": {
      "Type": "AWS::Lambda::Function",
      "Properties": {
        "Code": {
          "S3Bucket": {
            "Ref": "ServerlessDeploymentBucket"
          },
          "S3Key": "serverless/api-rest/dev/1622818321743-2021-06-04T14:52:01.743Z/api-rest.zip"
        },
        "Handler": "s_delete.handler",
        "Runtime": "python3.8",
        "FunctionName": "api-rest-dev-delete",
        "MemorySize": 1024,
        "Timeout": 6,
        "Environment": {
          "Variables": {
            "DYNAMODB_TABLE": "api-rest-dev"
          }
        },
        "Role": {
          "Fn::GetAtt": [
            "IamRoleLambdaExecution",
            "Arn"
          ]
        }
      },
      "DependsOn": [
        "DeleteLogGroup"
      ]
    },
    "ListLambdaVersionv1tb8sIvBV6OhICZ932S5FmP1cFTNcqndgsFJPI": {
      "Type": "AWS::Lambda::Version",
      "DeletionPolicy": "Retain",
      "Properties": {
        "FunctionName": {
          "Ref": "ListLambdaFunction"
        },
        "CodeSha256": "RhFvrx4oYIvDd1j4kD7ZQd+5FmC3wkm0vPTsahnKwDw="
      }
    },
    "GetLambdaVersionDqgIKQ9rhxZmNvnSjsItKlMYz7zIkQOkujSDcIo5K0o": {
      "Type": "AWS::Lambda::Version",
      "DeletionPolicy": "Retain",
      "Properties": {
        "FunctionName": {
          "Ref": "GetLambdaFunction"
        },
        "CodeSha256": "RhFvrx4oYIvDd1j4kD7ZQd+5FmC3wkm0vPTsahnKwDw="
      }
    },
    "UpdateLambdaVersionP3jY51yP0n58BQLXtdg18KNyYNdMEzKaOgeyGZSYAU": {
      "Type": "AWS::Lambda::Version",
      "DeletionPolicy": "Retain",
      "Properties": {
        "FunctionName": {
          "Ref": "UpdateLambdaFunction"
        },
        "CodeSha256": "RhFvrx4oYIvDd1j4kD7ZQd+5FmC3wkm0vPTsahnKwDw="
      }
    },
    "DeleteLambdaVersionu8ZmUN1YH5tjVTu5TjZS7XB1u0ls94DVS1YEDW7PGkc": {
      "Type": "AWS::Lambda::Version",
      "DeletionPolicy": "Retain",
      "Properties": {
        "FunctionName": {
          "Ref": "DeleteLambdaFunction"
        },
        "CodeSha256": "RhFvrx4oYIvDd1j4kD7ZQd+5FmC3wkm0vPTsahnKwDw="
      }
    },
    "CreateLambdaVersionkNetPGagUIItjta1QicDgu3d8KUJUq1icSEaMhFTI": {
      "Type": "AWS::Lambda::Version",
      "DeletionPolicy": "Retain",
      "Properties": {
        "FunctionName": {
          "Ref": "CreateLambdaFunction"
        },
        "CodeSha256": "RhFvrx4oYIvDd1j4kD7ZQd+5FmC3wkm0vPTsahnKwDw="
      }
    },
    "ApiGatewayRestApi": {
      "Type": "AWS::ApiGateway::RestApi",
      "Properties": {
        "Name": "dev-api-rest",
        "EndpointConfiguration": {
          "Types": [
            "EDGE"
          ]
        },
        "Policy": ""
      }
    },
    "ApiGatewayResourceTodos": {
      "Type": "AWS::ApiGateway::Resource",
      "Properties": {
        "ParentId": {
          "Fn::GetAtt": [
            "ApiGatewayRestApi",
            "RootResourceId"
          ]
        },
        "PathPart": "todos",
        "RestApiId": {
          "Ref": "ApiGatewayRestApi"
        }
      }
    },
    "ApiGatewayResourceTodosIdVar": {
      "Type": "AWS::ApiGateway::Resource",
      "Properties": {
        "ParentId": {
          "Ref": "ApiGatewayResourceTodos"
        },
        "PathPart": "{id}",
        "RestApiId": {
          "Ref": "ApiGatewayRestApi"
        }
      }
    },
    "ApiGatewayMethodTodosOptions": {
      "Type": "AWS::ApiGateway::Method",
      "Properties": {
        "AuthorizationType": "NONE",
        "HttpMethod": "OPTIONS",
        "MethodResponses": [
          {
            "StatusCode": "200",
            "ResponseParameters": {
              "method.response.header.Access-Control-Allow-Origin": true,
              "method.response.header.Access-Control-Allow-Headers": true,
              "method.response.header.Access-Control-Allow-Methods": true
            },
            "ResponseModels": {}
          }
        ],
        "RequestParameters": {},
        "Integration": {
          "Type": "MOCK",
          "RequestTemplates": {
            "application/json": "{statusCode:200}"
          },
          "ContentHandling": "CONVERT_TO_TEXT",
          "IntegrationResponses": [
            {
              "StatusCode": "200",
              "ResponseParameters": {
                "method.response.header.Access-Control-Allow-Origin": "'*'",
                "method.response.header.Access-Control-Allow-Headers": "'Content-Type,X-Amz-Date,Authorization,X-Api-Key,X-Amz-Security-Token,X-Amz-User-Agent'",
                "method.response.header.Access-Control-Allow-Methods": "'OPTIONS,GET,POST'"
              },
              "ResponseTemplates": {
                "application/json": "#set($origin = $input.params(\"Origin\"))\n#if($origin == \"\") #set($origin = $input.params(\"origin\")) #end\n#if($origin.matches(\".+\")) #set($context.responseOverride.header.Access-Control-Allow-Origin = $origin) #end"
              }
            }
          ]
        },
        "ResourceId": {
          "Ref": "ApiGatewayResourceTodos"
        },
        "RestApiId": {
          "Ref": "ApiGatewayRestApi"
        }
      }
    },
    "ApiGatewayMethodTodosIdVarOptions": {
      "Type": "AWS::ApiGateway::Method",
      "Properties": {
        "AuthorizationType": "NONE",
        "HttpMethod": "OPTIONS",
        "MethodResponses": [
          {
            "StatusCode": "200",
            "ResponseParameters": {
              "method.response.header.Access-Control-Allow-Origin": true,
              "method.response.header.Access-Control-Allow-Headers": true,
              "method.response.header.Access-Control-Allow-Methods": true
            },
            "ResponseModels": {}
          }
        ],
        "RequestParameters": {},
        "Integration": {
          "Type": "MOCK",
          "RequestTemplates": {
            "application/json": "{statusCode:200}"
          },
          "ContentHandling": "CONVERT_TO_TEXT",
          "IntegrationResponses": [
            {
              "StatusCode": "200",
              "ResponseParameters": {
                "method.response.header.Access-Control-Allow-Origin": "'*'",
                "method.response.header.Access-Control-Allow-Headers": "'Content-Type,X-Amz-Date,Authorization,X-Api-Key,X-Amz-Security-Token,X-Amz-User-Agent'",
                "method.response.header.Access-Control-Allow-Methods": "'OPTIONS,DELETE,PUT,GET'"
              },
              "ResponseTemplates": {
                "application/json": "#set($origin = $input.params(\"Origin\"))\n#if($origin == \"\") #set($origin = $input.params(\"origin\")) #end\n#if($origin.matches(\".+\")) #set($context.responseOverride.header.Access-Control-Allow-Origin = $origin) #end"
              }
            }
          ]
        },
        "ResourceId": {
          "Ref": "ApiGatewayResourceTodosIdVar"
        },
        "RestApiId": {
          "Ref": "ApiGatewayRestApi"
        }
      }
    },
    "ApiGatewayMethodTodosPost": {
      "Type": "AWS::ApiGateway::Method",
      "Properties": {
        "HttpMethod": "POST",
        "RequestParameters": {},
        "ResourceId": {
          "Ref": "ApiGatewayResourceTodos"
        },
        "RestApiId": {
          "Ref": "ApiGatewayRestApi"
        },
        "ApiKeyRequired": false,
        "AuthorizationType": "NONE",
        "Integration": {
          "IntegrationHttpMethod": "POST",
          "Type": "AWS_PROXY",
          "Uri": {
            "Fn::Join": [
              "",
              [
                "arn:",
                {
                  "Ref": "AWS::Partition"
                },
                ":apigateway:",
                {
                  "Ref": "AWS::Region"
                },
                ":lambda:path/2015-03-31/functions/",
                {
                  "Fn::GetAtt": [
                    "CreateLambdaFunction",
                    "Arn"
                  ]
                },
                "/invocations"
              ]
            ]
          }
        },
        "MethodResponses": []
      }
    },
    "ApiGatewayMethodTodosGet": {
      "Type": "AWS::ApiGateway::Method",
      "Properties": {
        "HttpMethod": "GET",
        "RequestParameters": {},
        "ResourceId": {
          "Ref": "ApiGatewayResourceTodos"
        },
        "RestApiId": {
          "Ref": "ApiGatewayRestApi"
        },
        "ApiKeyRequired": false,
        "AuthorizationType": "NONE",
        "Integration": {
          "IntegrationHttpMethod": "POST",
          "Type": "AWS_PROXY",
          "Uri": {
            "Fn::Join": [
              "",
              [
                "arn:",
                {
                  "Ref": "AWS::Partition"
                },
                ":apigateway:",
                {
                  "Ref": "AWS::Region"
                },
                ":lambda:path/2015-03-31/functions/",
                {
                  "Fn::GetAtt": [
                    "ListLambdaFunction",
                    "Arn"
                  ]
                },
                "/invocations"
              ]
            ]
          }
        },
        "MethodResponses": []
      }
    },
    "ApiGatewayMethodTodosIdVarGet": {
      "Type": "AWS::ApiGateway::Method",
      "Properties": {
        "HttpMethod": "GET",
        "RequestParameters": {},
        "ResourceId": {
          "Ref": "ApiGatewayResourceTodosIdVar"
        },
        "RestApiId": {
          "Ref": "ApiGatewayRestApi"
        },
        "ApiKeyRequired": false,
        "AuthorizationType": "NONE",
        "Integration": {
          "IntegrationHttpMethod": "POST",
          "Type": "AWS_PROXY",
          "Uri": {
            "Fn::Join": [
              "",
              [
                "arn:",
                {
                  "Ref": "AWS::Partition"
                },
                ":apigateway:",
                {
                  "Ref": "AWS::Region"
                },
                ":lambda:path/2015-03-31/functions/",
                {
                  "Fn::GetAtt": [
                    "GetLambdaFunction",
                    "Arn"
                  ]
                },
                "/invocations"
              ]
            ]
          }
        },
        "MethodResponses": []
      }
    },
    "ApiGatewayMethodTodosIdVarPut": {
      "Type": "AWS::ApiGateway::Method",
      "Properties": {
        "HttpMethod": "PUT",
        "RequestParameters": {},
        "ResourceId": {
          "Ref": "ApiGatewayResourceTodosIdVar"
        },
        "RestApiId": {
          "Ref": "ApiGatewayRestApi"
        },
        "ApiKeyRequired": false,
        "AuthorizationType": "NONE",
        "Integration": {
          "IntegrationHttpMethod": "POST",
          "Type": "AWS_PROXY",
          "Uri": {
            "Fn::Join": [
              "",
              [
                "arn:",
                {
                  "Ref": "AWS::Partition"
                },
                ":apigateway:",
                {
                  "Ref": "AWS::Region"
                },
                ":lambda:path/2015-03-31/functions/",
                {
                  "Fn::GetAtt": [
                    "UpdateLambdaFunction",
                    "Arn"
                  ]
                },
                "/invocations"
              ]
            ]
          }
        },
        "MethodResponses": []
      }
    },
    "ApiGatewayMethodTodosIdVarDelete": {
      "Type": "AWS::ApiGateway::Method",
      "Properties": {
        "HttpMethod": "DELETE",
        "RequestParameters": {},
        "ResourceId": {
          "Ref": "ApiGatewayResourceTodosIdVar"
        },
        "RestApiId": {
          "Ref": "ApiGatewayRestApi"
        },
        "ApiKeyRequired": false,
        "AuthorizationType": "NONE",
        "Integration": {
          "IntegrationHttpMethod": "POST",
          "Type": "AWS_PROXY",
          "Uri": {
            "Fn::Join": [
              "",
              [
                "arn:",
                {
                  "Ref": "AWS::Partition"
                },
                ":apigateway:",
                {
                  "Ref": "AWS::Region"
                },
                ":lambda:path/2015-03-31/functions/",
                {
                  "Fn::GetAtt": [
                    "DeleteLambdaFunction",
                    "Arn"
                  ]
                },
                "/invocations"
              ]
            ]
          }
        },
        "MethodResponses": []
      }
    },
    "ApiGatewayDeployment1622818315316": {
      "Type": "AWS::ApiGateway::Deployment",
      "Properties": {
        "RestApiId": {
          "Ref": "ApiGatewayRestApi"
        },
        "StageName": "dev"
      },
      "DependsOn": [
        "ApiGatewayMethodTodosOptions",
        "ApiGatewayMethodTodosIdVarOptions",
        "ApiGatewayMethodTodosPost",
        "ApiGatewayMethodTodosGet",
        "ApiGatewayMethodTodosIdVarGet",
        "ApiGatewayMethodTodosIdVarPut",
        "ApiGatewayMethodTodosIdVarDelete"
      ]
    },
    "CreateLambdaPermissionApiGateway": {
      "Type": "AWS::Lambda::Permission",
      "Properties": {
        "FunctionName": {
          "Fn::GetAtt": [
            "CreateLambdaFunction",
            "Arn"
          ]
        },
        "Action": "lambda:InvokeFunction",
        "Principal": "apigateway.amazonaws.com",
        "SourceArn": {
          "Fn::Join": [
            "",
            [
              "arn:",
              {
                "Ref": "AWS::Partition"
              },
              ":execute-api:",
              {
                "Ref": "AWS::Region"
              },
              ":",
              {
                "Ref": "AWS::AccountId"
              },
              ":",
              {
                "Ref": "ApiGatewayRestApi"
              },
              "/*/*"
            ]
          ]
        }
      }
    },
    "ListLambdaPermissionApiGateway": {
      "Type": "AWS::Lambda::Permission",
      "Properties": {
        "FunctionName": {
          "Fn::GetAtt": [
            "ListLambdaFunction",
            "Arn"
          ]
        },
        "Action": "lambda:InvokeFunction",
        "Principal": "apigateway.amazonaws.com",
        "SourceArn": {
          "Fn::Join": [
            "",
            [
              "arn:",
              {
                "Ref": "AWS::Partition"
              },
              ":execute-api:",
              {
                "Ref": "AWS::Region"
              },
              ":",
              {
                "Ref": "AWS::AccountId"
              },
              ":",
              {
                "Ref": "ApiGatewayRestApi"
              },
              "/*/*"
            ]
          ]
        }
      }
    },
    "GetLambdaPermissionApiGateway": {
      "Type": "AWS::Lambda::Permission",
      "Properties": {
        "FunctionName": {
          "Fn::GetAtt": [
            "GetLambdaFunction",
            "Arn"
          ]
        },
        "Action": "lambda:InvokeFunction",
        "Principal": "apigateway.amazonaws.com",
        "SourceArn": {
          "Fn::Join": [
            "",
            [
              "arn:",
              {
                "Ref": "AWS::Partition"
              },
              ":execute-api:",
              {
                "Ref": "AWS::Region"
              },
              ":",
              {
                "Ref": "AWS::AccountId"
              },
              ":",
              {
                "Ref": "ApiGatewayRestApi"
              },
              "/*/*"
            ]
          ]
        }
      }
    },
    "UpdateLambdaPermissionApiGateway": {
      "Type": "AWS::Lambda::Permission",
      "Properties": {
        "FunctionName": {
          "Fn::GetAtt": [
            "UpdateLambdaFunction",
            "Arn"
          ]
        },
        "Action": "lambda:InvokeFunction",
        "Principal": "apigateway.amazonaws.com",
        "SourceArn": {
          "Fn::Join": [
            "",
            [
              "arn:",
              {
                "Ref": "AWS::Partition"
              },
              ":execute-api:",
              {
                "Ref": "AWS::Region"
              },
              ":",
              {
                "Ref": "AWS::AccountId"
              },
              ":",
              {
                "Ref": "ApiGatewayRestApi"
              },
              "/*/*"
            ]
          ]
        }
      }
    },
    "DeleteLambdaPermissionApiGateway": {
      "Type": "AWS::Lambda::Permission",
      "Properties": {
        "FunctionName": {
          "Fn::GetAtt": [
            "DeleteLambdaFunction",
            "Arn"
          ]
        },
        "Action": "lambda:InvokeFunction",
        "Principal": "apigateway.amazonaws.com",
        "SourceArn": {
          "Fn::Join": [
            "",
            [
              "arn:",
              {
                "Ref": "AWS::Partition"
              },
              ":execute-api:",
              {
                "Ref": "AWS::Region"
              },
              ":",
              {
                "Ref": "AWS::AccountId"
              },
              ":",
              {
                "Ref": "ApiGatewayRestApi"
              },
              "/*/*"
            ]
          ]
        }
      }
    },
    "ApiGatewayLogGroup": {
      "Type": "AWS::Logs::LogGroup",
      "Properties": {
        "LogGroupName": "/aws/api-gateway/api-rest-dev"
      }
    },
    "CustomApiGatewayAccountCloudWatchRole": {
      "Type": "Custom::ApiGatewayAccountRole",
      "Version": 1,
      "Properties": {
        "ServiceToken": {
          "Fn::GetAtt": [
            "CustomDashresourceDashapigwDashcwDashroleLambdaFunction",
            "Arn"
          ]
        }
      }
    },
    "IamRoleCustomResourcesLambdaExecution": {
      "Type": "AWS::IAM::Role",
      "Properties": {
        "AssumeRolePolicyDocument": {
          "Version": "2012-10-17",
          "Statement": [
            {
              "Effect": "Allow",
              "Principal": {
                "Service": [
                  "lambda.amazonaws.com"
                ]
              },
              "Action": [
                "sts:AssumeRole"
              ]
            }
          ]
        },
        "Policies": [
          {
            "PolicyName": {
              "Fn::Join": [
                "-",
                [
                  "dev",
                  "api-rest",
                  "custom-resources-lambda"
                ]
              ]
            },
            "PolicyDocument": {
              "Version": "2012-10-17",
              "Statement": [
                {
                  "Effect": "Allow",
                  "Resource": {
                    "Fn::Join": [
                      ":",
                      [
                        "arn",
                        {
                          "Ref": "AWS::Partition"
                        },
                        "iam:",
                        {
                          "Ref": "AWS::AccountId"
                        },
                        "role/*"
                      ]
                    ]
                  },
                  "Action": [
                    "iam:AttachRolePolicy",
                    "iam:CreateRole",
                    "iam:ListAttachedRolePolicies",
                    "iam:PassRole"
                  ]
                },
                {
                  "Effect": "Allow",
                  "Resource": {
                    "Fn::Join": [
                      ":",
                      [
                        "arn",
                        {
                          "Ref": "AWS::Partition"
                        },
                        "apigateway:*::/account"
                      ]
                    ]
                  },
                  "Action": [
                    "apigateway:GET",
                    "apigateway:PATCH"
                  ]
                }
              ]
            }
          }
        ]
      }
    },
    "CustomDashresourceDashapigwDashcwDashroleLambdaFunction": {
      "Type": "AWS::Lambda::Function",
      "Properties": {
        "Code": {
          "S3Bucket": {
            "Ref": "ServerlessDeploymentBucket"
          },
          "S3Key": "serverless/api-rest/dev/1622818321743-2021-06-04T14:52:01.743Z/custom-resources.zip"
        },
        "FunctionName": "api-rest-dev-custom-resource-apigw-cw-role",
        "Handler": "apiGatewayCloudWatchRole/handler.handler",
        "MemorySize": 1024,
        "Runtime": "nodejs12.x",
        "Timeout": 180,
        "Role": {
          "Fn::GetAtt": [
            "IamRoleCustomResourcesLambdaExecution",
            "Arn"
          ]
        }
      },
      "DependsOn": [
        "IamRoleCustomResourcesLambdaExecution"
      ]
    },
    "TodosDynamoDbTable": {
      "Type": "AWS::DynamoDB::Table",
      "DeletionPolicy": "Retain",
      "Properties": {
        "AttributeDefinitions": [
          {
            "AttributeName": "id",
            "AttributeType": "S"
          }
        ],
        "KeySchema": [
          {
            "AttributeName": "id",
            "KeyType": "HASH"
          }
        ],
        "ProvisionedThroughput": {
          "ReadCapacityUnits": 1,
          "WriteCapacityUnits": 1
        },
        "TableName": "api-rest-dev"
      }
    },
    "CWLSubFilterCreateLogGroupUsEast1": {
      "Type": "AWS::Logs::SubscriptionFilter",
      "Properties": {
        "DestinationArn": "arn:aws:logs:us-east-1:802587217904:destination:4fe1a516-a105-4558-8434-ab7601f2796e#cMwj8P5lbtgCnqNjS7#api-rest#dev",
        "FilterPattern": "?\"REPORT RequestId: \" ?\"SERVERLESS_ENTERPRISE\"",
        "LogGroupName": {
          "Ref": "CreateLogGroup"
        }
      }
    },
    "CWLSubFilterListLogGroupUsEast1": {
      "Type": "AWS::Logs::SubscriptionFilter",
      "Properties": {
        "DestinationArn": "arn:aws:logs:us-east-1:802587217904:destination:4fe1a516-a105-4558-8434-ab7601f2796e#cMwj8P5lbtgCnqNjS7#api-rest#dev",
        "FilterPattern": "?\"REPORT RequestId: \" ?\"SERVERLESS_ENTERPRISE\"",
        "LogGroupName": {
          "Ref": "ListLogGroup"
        }
      }
    },
    "CWLSubFilterGetLogGroupUsEast1": {
      "Type": "AWS::Logs::SubscriptionFilter",
      "Properties": {
        "DestinationArn": "arn:aws:logs:us-east-1:802587217904:destination:4fe1a516-a105-4558-8434-ab7601f2796e#cMwj8P5lbtgCnqNjS7#api-rest#dev",
        "FilterPattern": "?\"REPORT RequestId: \" ?\"SERVERLESS_ENTERPRISE\"",
        "LogGroupName": {
          "Ref": "GetLogGroup"
        }
      }
    },
    "CWLSubFilterUpdateLogGroupUsEast1": {
      "Type": "AWS::Logs::SubscriptionFilter",
      "Properties": {
        "DestinationArn": "arn:aws:logs:us-east-1:802587217904:destination:4fe1a516-a105-4558-8434-ab7601f2796e#cMwj8P5lbtgCnqNjS7#api-rest#dev",
        "FilterPattern": "?\"REPORT RequestId: \" ?\"SERVERLESS_ENTERPRISE\"",
        "LogGroupName": {
          "Ref": "UpdateLogGroup"
        }
      }
    },
    "CWLSubFilterDeleteLogGroupUsEast1": {
      "Type": "AWS::Logs::SubscriptionFilter",
      "Properties": {
        "DestinationArn": "arn:aws:logs:us-east-1:802587217904:destination:4fe1a516-a105-4558-8434-ab7601f2796e#cMwj8P5lbtgCnqNjS7#api-rest#dev",
        "FilterPattern": "?\"REPORT RequestId: \" ?\"SERVERLESS_ENTERPRISE\"",
        "LogGroupName": {
          "Ref": "DeleteLogGroup"
        }
      }
    },
    "CWLSubFilterApiGatewayLogGroupUsEast1": {
      "Type": "AWS::Logs::SubscriptionFilter",
      "Properties": {
        "DestinationArn": "arn:aws:logs:us-east-1:802587217904:destination:4fe1a516-a105-4558-8434-ab7601f2796e#cMwj8P5lbtgCnqNjS7#api-rest#dev",
        "FilterPattern": "\"SLS_ACCESS_LOG\"",
        "LogGroupName": {
          "Ref": "ApiGatewayLogGroup"
        }
      }
    }
  },
  "Outputs": {
    "ServerlessDeploymentBucketName": {
      "Value": {
        "Ref": "ServerlessDeploymentBucket"
      },
      "Export": {
        "Name": "sls-api-rest-dev-ServerlessDeploymentBucketName"
      }
    },
    "EnterpriseLogAccessIamRole": {
      "Value": {
        "Fn::GetAtt": [
          "EnterpriseLogAccessIamRole",
          "Arn"
        ]
      },
      "Export": {
        "Name": "sls-api-rest-dev-EnterpriseLogAccessIamRole"
      }
    },
    "ListLambdaFunctionQualifiedArn": {
      "Description": "Current Lambda function version",
      "Value": {
        "Ref": "ListLambdaVersionv1tb8sIvBV6OhICZ932S5FmP1cFTNcqndgsFJPI"
      },
      "Export": {
        "Name": "sls-api-rest-dev-ListLambdaFunctionQualifiedArn"
      }
    },
    "GetLambdaFunctionQualifiedArn": {
      "Description": "Current Lambda function version",
      "Value": {
        "Ref": "GetLambdaVersionDqgIKQ9rhxZmNvnSjsItKlMYz7zIkQOkujSDcIo5K0o"
      },
      "Export": {
        "Name": "sls-api-rest-dev-GetLambdaFunctionQualifiedArn"
      }
    },
    "UpdateLambdaFunctionQualifiedArn": {
      "Description": "Current Lambda function version",
      "Value": {
        "Ref": "UpdateLambdaVersionP3jY51yP0n58BQLXtdg18KNyYNdMEzKaOgeyGZSYAU"
      },
      "Export": {
        "Name": "sls-api-rest-dev-UpdateLambdaFunctionQualifiedArn"
      }
    },
    "DeleteLambdaFunctionQualifiedArn": {
      "Description": "Current Lambda function version",
      "Value": {
        "Ref": "DeleteLambdaVersionu8ZmUN1YH5tjVTu5TjZS7XB1u0ls94DVS1YEDW7PGkc"
      },
      "Export": {
        "Name": "sls-api-rest-dev-DeleteLambdaFunctionQualifiedArn"
      }
    },
    "CreateLambdaFunctionQualifiedArn": {
      "Description": "Current Lambda function version",
      "Value": {
        "Ref": "CreateLambdaVersionkNetPGagUIItjta1QicDgu3d8KUJUq1icSEaMhFTI"
      },
      "Export": {
        "Name": "sls-api-rest-dev-CreateLambdaFunctionQualifiedArn"
      }
    },
    "ServiceEndpoint": {
      "Description": "URL of the service endpoint",
      "Value": {
        "Fn::Join": [
          "",
          [
            "https://",
            {
              "Ref": "ApiGatewayRestApi"
            },
            ".execute-api.",
            {
              "Ref": "AWS::Region"
            },
            ".",
            {
              "Ref": "AWS::URLSuffix"
            },
            "/dev"
          ]
        ]
      },
      "Export": {
        "Name": "sls-api-rest-dev-ServiceEndpoint"
      }
    }
  }
}